123;Cristhian;5;1;1250;773;;adsf;1;CI
12345;aasda;25;12;2005;17;;asdasd;5;CI
546;asdaada;25;12;2005;17;src/Images/Captura de pantalla 2023-03-13 201422.png;flkadsfñad;12;CI
69;dada;25;12;2005;17;src/Images/Captura de pantalla 2023-03-14 212419.png;da;69;CI
132546;sdasfsdf;25;12;2005;17;src/Images/Captura de pantalla 2023-03-09 082302.png;sdfadsfa;12;CI
101010;Santiago;11;3;2006;17;src/Images/Captura de pantalla 2023-04-08 212838.png;Pepa;1;CI
99999;Cristhian;25;12;2005;17;src/Images/Screenshot 2023-09-28 205747.png;añañai;9;CI
564;afdfa;25;12;2024;-1;;afd;15;CI
465;5;25;5;15;2008;;;-5;CI
154645;fadsf;12;10;2005;17;;adsfa;25;CI
546;5;12;12;12;2010;;;15;CI
106971574;Cristhian Camilo Diaz Romero;25;12;2005;17;src/Images/Cookie's feeling_ XD.jpeg;ALTO;12;CI
654;afda;25;12;2005;17;src/Images/Cookie's feeling_ XD.jpeg;asdfa;12;CI
465;adfa;25;12;2005;17;src/Images/Cookie's feeling_ XD.jpeg;adsfa;12;CI
564;sdfadsfjkl;25;12;2005;17;src/Images/Cookie's feeling_ XD.jpeg;afads;12;CI
465;adfa;25;12;2005;17;src/Images/Cookie's feeling_ XD.jpeg;adf;12;CI
14546;adfadsf;25;12;2005;17;src/Images/Cookie's feeling_ XD.jpeg;adsfa;12;CI
4564;adsfads;25;12;2005;17;src/Images/Cookie's feeling_ XD.jpeg;fadsf;12;CI
4654;adfads;12;12;2005;17;;asdf;465;CI
123456;adfa;25;12;2005;17;src/Images/Cookie's feeling_ XD.jpeg;asdf;12;CI
4654;adfads;25;12;2005;17;src/Images/Cookie's feeling_ XD.jpeg;fadsfa;12;CI
6465465;afadsfa;12;1;2015;8;src/Images/Cookie's feeling_ XD.jpeg;afadf;4654;CI
564;asdfa;25;12;2005;17;src/Images/Cookie's feeling_ XD.jpeg;asdfa;12;CI
3333;pepe;25;5;5;18;src/Images/Captura de pantalla 2023-03-22 181631.png;bbbb;33;CI
564;adsfa;8;8;2000;23;src/Images/Captura de pantalla 2023-03-16 205636.png;as;8;CI
20928536;popo;20;10;1900;122;src/Images/Captura de pantalla 2023-03-13 201355.png;popo;69;CI
