1234;asda;25;12;2005;17;;asda;5;CI
12345;aasda;25;12;2005;17;;asdasd;5;CI
546;asdaada;25;12;2005;17;src/Images/Captura de pantalla 2023-03-13 201422.png;flkadsfñad;12;CI
69;dada;25;12;2005;17;src/Images/Captura de pantalla 2023-03-14 212419.png;da;69;CI
132546;sdasfsdf;25;12;2005;17;src/Images/Captura de pantalla 2023-03-09 082302.png;sdfadsfa;12;CI
101010;Santiago;11;3;2006;17;src/Images/Captura de pantalla 2023-04-08 212838.png;Pepa;1;CI
99999;Cristhian;25;12;2005;17;src/Images/Screenshot 2023-09-28 205747.png;añañai;9;CI
564;afdfa;25;12;2024;-1;;afd;15;CI
465;5;25;5;15;2008;;;-5;CI
154645;fadsf;12;10;2005;17;;adsfa;25;CI
546;5;12;12;12;2010;;;15;CI
